2026-07-01 09:33	PRZzd1qwzoiyOfxSXQ2cgKmOnSd
2026-07-01 08:32	MGb8dnzWyo7tmkxw80AcceI3nMg
2026-07-01 07:34	U0INdVeplokxR8xJgk1cejOinYd
2026-07-01 02:16	NtMAdx4ZfoEXmYxNgGVcIirKnYf
2026-06-30 11:42	HwTFdLKSfoQUh6x0QpAcNAW8nrd
2026-06-30 09:01	ZX4tdjNpvob2cAxfzLkcssTXnph
2026-06-30 02:11	JThRd3n5IoFpJFxjtSCcCws8nHe
2026-06-29 06:10	SdULd0jepoNfVrxMbJJcHCkynjf
2026-06-29 01:54	Vi2ldCpYloQ35CxyMUGcYwEUn9U
2026-06-26 10:03	ZsRMdWGvKom0YPxgNeQcteWtnof
2026-06-26 02:19	BLCgdkPdhoJp8DxGqgxcmXi7nGc
2026-06-26 02:05	YMyudyWVRo1xgPxWBIPc4CjZnwe
2026-06-25 10:33	BnvRd7LMqowxmOxjQQRcDzernhh
2026-06-25 10:01	JQWHd7osvoVDFqxHj2mcVpggnRb
2026-06-25 07:31	R3BzdeiFoogW0Gxch9xclxAvnoh
2026-06-25 05:54	DnOMdVfxnogBolxvQCLc1cIhnAc
2026-06-25 02:08	TUwpdyT3xohJ4bx3r6kcR2uVndd
2026-06-24 13:09	KLgwddU9RotzbsxAi7xcDoIjnPf
2026-06-24 10:16	RN1ydJzcKoqMdAxAKrwccs0PnJg
2026-06-24 02:05	C8r2d0lwIo1nGzxL59tcbr9Rn2g
2026-06-23 11:32	DPDodnttcoQQEbx3piqcrszpnvb
2026-06-23 10:28	QYLUdJjnooq0CzxHkf4c3RwLnog
2026-06-23 02:05	NG1QdscHQoM4PAxOrRxcCvFMnSe
2026-06-22 10:18	DY2tdLwOyo2Ecbx7IbYcbwXonJf
2026-06-22 01:58	T6y0diJvZoW1JsxD24dczYugnih
2026-06-18 09:31	LWGId6OBOokFoHx2L19cd7CanBE
2026-06-18 07:05	UGi3dR21NoM7vuxCozScnQPZnFg
2026-06-18 06:06	MdFIdPTHSo9gwrxdUjdcLGTvncd
2026-06-18 03:44	XgpldG7MuoXs1hxzuzOchwCJnDf
2026-06-18 01:43	LC0qd7ejjohnPuxoH7DcR9CCnQh
2026-06-17 12:35	W0uXdVZqAo2GPsxAJxDcyAUrn8g
2026-06-17 10:12	D6dwdBC80oMbkVxv0XAcoGt1nKh
2026-06-17 08:34	B9ZCdDRtwoLT7ux2QHgcuCg1nCe
2026-06-17 05:44	BsMcdfcXnoxBN7xhWKScW9jNnMh
2026-06-17 04:50	TJYVd4JrqolLt9x2XqWcs6Qrnpb
2026-06-17 02:02	NUPzdvDXvoaCAyxOPmNcl7bNnqf
2026-06-16 11:28	JPBWd0kDuoAD4ExPDfScN3sjnSd
2026-06-16 10:11	YsaddhvM2oLATBxn5HkcIz10nlf
2026-06-16 09:20	HbyTdFNGbos0fGxiy2Pc7Mh7nFh
2026-06-16 03:20	NSRCdK4eJo2KnsxNDVdcbB6JnSd
2026-06-16 02:07	OG2zdNqJUocuaSxZhlHci83znQh
2026-06-15 10:28	TgkxdKGEOoJdGTxMa8OcmfKin3c
2026-06-15 01:57	Hi5hdhLicoEalyxrV3fc4tFXnvc
2026-06-12 09:05	ZTl5dxAxkoA1YmxT2dIcg6OfnPg
2026-06-12 02:42	XLFUdNZy9oQ8zyxDs8ecegUEn2d
2026-06-12 02:07	AmTUd86HRoUf7QxEYPLchYr5nXg
2026-06-11 10:48	UqybdlBRxoEqhlxOvRecetbdnC2
2026-06-11 10:13	Vv2adxj54oe30zxLWaKchNKKnoe
2026-06-11 06:20	EGIzdbplRo3dnMx1RIKcLosAnCe
2026-06-11 02:17	BDROdkbNQoQ0dzxRSB4cbWOtnTb
2026-06-10 10:04	Wskqd8ufNouGkExrlcmceGVAnJe
2026-06-10 08:42	GlZkdl2LloQdaHxAvcWcsLK6nHN
2026-06-10 02:01	NmbKdb20VoK0JoxuVeRcLkadnFc
2026-06-09 10:36	KT0rd0MfgoIbGfxfY61cnOMwnqh
2026-06-09 03:32	PDqTdYvHjohTJRxzNRFc8Z8Yn3e
2026-06-09 03:12	MlfMd5ENWodJXvxuYgDc49x4ntf
2026-06-09 02:41	UHCRdIr8poZLB3xYGTTcvb7cnif
2026-06-08 10:25	QqiBdZNgUokQzvxQaACcdMJcnNb
2026-06-08 06:31	EWfZdIHYSoKmIqx1pkqcm4vwnoh
2026-06-05 09:36	DoPWdgr61oTCnAxkgHzci8Z0nBf
2026-06-05 04:06	Civld2s6coisyQx63kpcGWDOnOc
2026-06-05 03:49	HkKLdWr7moVLK1xkqRdcw7emnqw
2026-06-05 01:59	RCmadiBMVobOMcx99JvccRgnnnC
2026-06-04 08:21	FidxdrKNgo4lY9xmS3HcIFE5nzf
2026-06-04 07:07	UJW2dylN6o8XLFx0CBfcsJPYnmH
2026-06-04 06:06	PnZddwq9qowDLQxDiNoc5LNbn2f
2026-06-04 03:19	X0AtdKAmwoTJHQx2Qa5cfXDZnWg
2026-06-03 10:35	I1AHdvXf0ok0PQxH9Lactf28nKc
2026-06-03 02:09	PlBQd6E5RoYoB6x3auYcE3Gcn4f
2026-06-02 10:44	S5xFdonusoIFSnxAH6Acb8UJn1f
2026-06-02 07:33	BRsbdZUNfoZQ4Bxj4sIcTBRrnff
2026-06-02 02:01	JWWvdvU61ozRohxR5iXc8BzAnKb
2026-06-01 10:19	K0QjdioDYojepex4sQ6cJPmOnzd
2026-06-01 01:48	E98Fdqk3Vofp6wx69p3cOVpwnGh
2026-05-29 09:41	QLged3iAXowPQ5xABn0cNg7mnSg
2026-05-29 07:05	CBRFdGj7Ooqi2lxLJLQcrdcYnXb
2026-05-29 02:07	EfxydPgU6oOJ36xU7yCclICfnOb
2026-05-28 10:10	WmhudJq1poeSnXxn1APcs6aTncc
2026-05-28 06:35	ICgCdwQphoiXkcxQjyWcDIqenRb
2026-05-28 03:28	D3vadTBukobi1Oxav2kctsegnoh
2026-05-28 02:03	IH7wd2k1ZotCCbxmSJMc4ij8nsg
2026-05-27 10:07	HIDIdSqr3oN026x4NOncNf6AnGg
2026-05-27 09:05	VT8Cdflhao7OtHxh5cEc55Akndj
2026-05-27 02:04	UN1ldTqX0o8LqrxszDiclAyfnXe
2026-05-26 13:05	Zha4dUeeAo9S2QxI8TbcZpjlnIe
2026-05-26 10:54	L0u5dyDm1obaa5xTTAUch2cqntc
2026-05-26 10:13	XPGDd1J0UoloxAxY52pcqP0JnTc
2026-05-26 02:10	AjdhdGu7eo1bEoxfbkPcUk2sni2
2026-05-25 10:08	YEkkdaZwgo9r9RxLTxYc8YXSnIf
2026-05-25 08:41	ZJsPdkhDoobmOExIncqcyMSUnlb
2026-05-25 01:58	TOybdZFnDog3fjxvTBZcjRCGnEf
2026-05-23 08:17	YqCBdhaYNoQ3dmxb6QYchYOin5c
2026-05-22 09:27	VSX9djZBRoKHXAxuuVpcFpBonUc
2026-05-22 02:19	ZbQIdc5aHo6dOvxsDubc5iglnMg
2026-05-21 13:05	UhfMdDdpyozS17xnf37cPJM8nGc
2026-05-21 11:33	L3W4dXDyOoIyHMxfUvpcoFKKnvd
2026-05-21 10:44	KUWbdcqMOoXMVyx3wxjcu0UFnhb
2026-05-21 09:19	BReLdCkyMouaMvxPGFYcIPVWnqb
2026-05-21 02:02	KFEbdnkS1oaCxjx5ccEcFAqdnFf
2026-05-20 10:41	BC8Gd9EKmohGnHxlPZacTLOvnac
2026-05-20 09:12	E8cRdWFOsoUxqnx832mc9vRLn0e
2026-05-20 09:06	ArXfdGR6uoSszHxVK8Bc1O8dnMd
2026-05-20 07:25	Y1jZdtHHRomTotxgEjScuFmznDf
2026-05-20 02:58	RHefd19fooSSD4xAmSWchXW5nGR
2026-05-20 02:29	WyR6dvs5LoGRafxK0zQccUn9ni1
2026-05-19 10:39	FLZNdNZxwofgZRxtOtBcAJewnFc
2026-05-19 02:17	XZkOdeaNBob9K3xwd9EcR5G1nvh
2026-05-18 12:13	Dt0idNE0zoh9vgxv55vcKs9rnqg
2026-05-18 12:07	UnxId9sxioYZJkxH8Cxcaw3Tnbb
2026-05-18 07:56	INLVdOxxGoRFkfxDWVlcCIJVnjf
2026-05-18 02:45	Iar3dIMkxom9Juxcz73crjTZnEd
2026-05-18 02:21	EtVXd7uAVorUHSx1gNocl4qOnIg
2026-05-15 10:23	HMIAdXy4YozFQOx1f5Cc8VHhnde
2026-05-14 10:44	FJQGdnEZhoeSeexrButcyDvenob
2026-05-14 06:09	PAbTdgSvgoYbzfxaBhdcWkwon8e
2026-05-14 04:10	OzmRd6RI2oQGH4xOBe8c5OvynJc
2026-05-13 10:32	HC9TdKXwloJEzQxaz1xcM9iKnpg
2026-05-13 02:08	Qxyedmsy2oKbqhx64Lzctagwnwg
2026-05-12 10:38	Sqz3dO4dGoYNxrxv7Wtc98X5nGf
2026-05-12 02:19	RkMgdpPzZoOM6ZxryjocEA85nqb
2026-05-11 10:04	UwiwdvErBoUVLuxSBVCch0Pbnpx
2026-05-11 09:32	IaJbdh3o0oWZqOx7uIcclz4Xnxb
2026-05-11 08:19	X1WRd2mceo5Gihxt5ulcbfLynJr
2026-05-11 07:11	LXUndQXAPo5sWUxEZWAc8R9anDg
2026-05-11 06:06	GhNIdCbjOoBGakxAtIOc2wdPnSe
2026-05-11 03:35	KNyvdbl8voRFbKxeuSNcwW6OnVd
2026-05-11 02:12	VKpwdVGUko7SgjxSsXQcAfXpnJe
2026-05-09 09:51	LwcKda7dMo5hWEx27ZncMmyhnPd
2026-05-08 02:17	JsJZdUEtXoypepxqQNGceXFnnEg
2026-05-07 10:23	D5e4dsGgBouOdsxrVstc4ELInrh
2026-05-07 06:17	OtuqdjhkOoEAprxYXsYcUW2inZp
2026-05-07 02:01	OBM4drBj8oSybrxIYi3ckjWjnPg
2026-05-06 11:37	CIk8dJzOko1fMpxoJhqcA2pon3e
2026-05-06 10:15	X0nbdjHMKonGVix19RWcFOkunEd
2026-05-06 06:57	T0NFdZQ4oouQ7fxpRQRc8LhjnDc
2026-05-06 06:02	EZpsdJu2xoCM9RxGdSvcfD33nkf
2026-04-30 08:22	PkZ7d2UiYoL0DZxlTEtcWkTJnte
2026-04-30 06:04	DVTNdzJkLomi70x0GTccpUdwn1b
2026-04-30 01:58	C4zudqKXLo4rI5xo8OccSCBinhe
2026-04-29 10:31	WfeFdb1JFoPP1QxIJU5cpkhWnjc
2026-04-29 07:02	B1bvdvKMLoxaqxxdM0bcVltonQg
2026-04-29 02:14	AWDndoQZzoaF61xPcGBcMd4jnQc
2026-04-29 01:59	E0EfdVvjXoVfgwxRKYqccXdonVd
2026-04-28 11:05	Vm0odKIoCoGv72x5RCZc9w3Fn8b
2026-04-28 10:25	Mf0GdejkqoUreDxqjwvcxYDQnzh
2026-04-28 04:10	GRksdrmTooWmVMxCfMpcOEcDn4d
2026-04-28 03:37	Ehs1dnTsxo9tOZxQjPScogw2n0f
2026-04-28 01:52	QHDHdsckRou8vxxoNfHcKX85n3b
2026-04-27 10:07	Ep0DdQSjroe1V5x0EdpcS10Wn8g
2026-04-27 08:45	W6Lsd0s8ooT0UnxwI4fchjjUnle
2026-04-27 06:23	V1tydEHbTods7DxAQqlc9oXlnte
2026-04-27 03:25	Fd5Fd4eg3ot3SuxZUtuc7YZxnxd
2026-04-27 02:00	FMyadNLqxoUkbrxgjajczAZenQd
2026-04-24 10:55	EzzXdI6xXoc57rxatgAcrNP6neb
2026-04-24 10:42	WmkldoiVLozvS3xZDl3c0mS6n0g
2026-04-24 10:32	PzMwdRY1HoNAf2xcwwLcvP6ongc
2026-04-24 09:44	QwzCdoMLLoXGWVxLEghcerU6ndb
2026-04-24 03:41	LE8PdnNXqo6hAPxZhVEcArFgn1d
2026-04-23 10:14	DyzqdiNNlos99NxMS58cgA8unyd
2026-04-23 08:00	JnwddxKlVoS953xKXBPcqTQjn7G
2026-04-23 07:12	Nn4RdfWi8o497zxZdSrcp84vnph
2026-04-23 06:46	D2ridyr1ToqPaDx1mnBcDtiqn0b
2026-04-23 05:49	DFIVditGHoiqdIxF7zwcaNttn6f
2026-04-23 02:04	Mei8ddTvaoMGOAxFjqEcLGYqnog
2026-04-22 10:26	EhyTd3iXYoscusxDJHwcd2ern3g
2026-04-22 10:17	MkhNdBgQYol7sYxxCzjc9DtlnId
2026-04-22 08:41	VUPKdjwkNoSsOgxYuyucQELOn3g
2026-04-22 08:27	WqKOdNATuoNEZUxIwQNctizTnHK
2026-04-22 02:56	StdMdVqlIoyLpIxfQqxc9ZBRncc
2026-04-22 02:03	BzhUd2pDxol780xH7Flcz8qgnig
2026-04-21 10:59	TjgTdr83PoFJXhxWAH8cbJuznld
2026-04-21 10:06	TjzSdoUcRoXP2cxeN85clE13ndg
2026-04-21 09:03	MD7cdgJnooSE1RxfizScWmCJncg
2026-04-21 08:20	S157dm3v3omA2Mxb8Bacuj0rnWd
2026-04-21 04:20	Y3gEd3A1tonguHxDcCXchJVynsb
2026-04-21 03:11	DGahdLqT0oxFH1x0KPLcImODnob
2026-04-21 02:12	PFMgdh4vDoA7ZPx1Xn5cZvapnAg
2026-04-20 10:16	DoE4dL3YkowJXqx5LGNcEpA4nZd
2026-04-20 09:33	OIyKdHsu3oFB4zxiyDRcllOsnFf
2026-04-20 08:48	LzZCdHvODolCmmxmYa5cfzD3nUf
2026-04-20 03:39	E4nUd7khkoSZvKxEQgwcBXGInig
2026-04-20 02:22	Iqp0d8Vcsow0KYxMXfFc99UGnWd
2026-04-16 09:59	PJx8d4Wc5o3fVKxzVsycRJsIn4N
2026-04-16 09:15	B27zdPaeoo9y3dxP85JcqmsfnTf
2026-04-16 06:18	R4T4dxeyPoGToQxleo7cHobOnq2
2026-04-16 05:05	AU04dRsmOoE5XkxkMuoc1OUjnjb
2026-04-15 12:45	UkxZd7tlDom6Gax64vycCuy7nnr
2026-04-15 10:43	UufbdmEMIoaccHxXexjcH4mWnwh
2026-04-15 07:05	RZRfdkib9o0EJgxr6LecfKAenTd
2026-04-15 06:50	YM1qdP9KYoEWN4xkQNAcM02Dnug
2026-04-15 04:31	SRZqd2CDYopCgVxQBiPc6yvonbe
2026-04-14 10:50	UXUzdHlvToCPnjx66HocdNMlnDd
2026-04-14 10:08	RAFRdznPJotCTax9Pxwcb08bnhd
2026-04-14 06:32	HePpdE2aaoG1hpx2Ggtc4miHnoh
2026-04-14 03:34	NTFOdBcn3okpHlx2lYVcTRFVnHb
2026-04-13 12:15	QLlLdDWIdopIVUxfXEvc5YDsnPh
2026-04-13 10:20	QZwUdPbFooP3ApxXvWTcITdfnad
2026-04-13 09:57	DHvJdUgAxohDjOx8cd5cWDxpnOK
2026-04-13 03:10	W27qd4WLVoY9Y4xICODcextfnrf
2026-04-10 13:38	YKaddhqK5okgkExPuR8cGHDCnMg
2026-04-10 10:22	PEindXskLoB0jOxIR5ucSbI7nMI
2026-04-09 10:46	LepudSEiEoTETZxZgUNc3KE8ntg
2026-04-09 09:35	NMPmddtiVoBxcTxVCJ9cICPBnjc
2026-04-09 09:10	Knz3dDaLSoVvSxxLKaXcL284nIg
2026-04-09 08:55	P0QGdf2YXomcpixhNu9cucQknbc
2026-04-09 07:59	L8P9dEYyGoobDYxi7KJc06qcnmb
2026-04-09 06:36	HnRKdADg5oVrBRxdGWfcytrUncd
2026-04-08 07:03	FxJhdlwEDoPojHxu3zxcz2kCndf
2026-04-08 06:53	HTjfdwPlGotT0DxMxqQcQ3agnHf
2026-04-08 06:30	IlPOd433iohL5Dxk8IxcHMLsnEh
2026-04-07 11:46	CYWxdSlPCoIS2pxOGhEc3culnEc
2026-04-07 10:27	HGQNdAGJHoADRax5ABwci1TdnYc
2026-04-07 10:20	DNwQda4a6oFZyNxONFtcVjVZnmf
2026-04-07 07:35	ADfddjKmJojtxQx4Nv0ctjSrnvf
2026-04-07 07:10	Ns0Hdd3eloy3MaxYCBfcI7gCnjd
2026-04-07 06:33	OqB9dtPkcoUFv5x582scrnXmnMb
2026-04-07 03:35	NKCldIDrXow2kJxCMlwc0CBsnEF
2026-04-03 09:40	Gqy2d0FBQoEqACxjsKvcuCfPnpc
2026-04-03 03:35	IhfAd6rQKoitk3xnB9DcY5IHnHb
2026-04-02 10:23	LvqOd4KvzoAk7lx8UZncgrDLnLe
2026-04-02 06:11	CAmTdvc0RovQraxj9cOcgfvFner
2026-04-02 03:52	Ar23dFRZvoLtnVxTNAIc6ymZnrc
2026-04-01 13:06	KwGKd21AholY5vxs0UMcxADRnle
2026-04-01 06:42	YuhudaYh5oFDDwx0UZkcNa6enhd
2026-04-01 06:03	GhL7dtCjKofMVGxcaZDc2DjKnSc
2026-04-01 03:12	Yz4rdOp9po2GYSx2WP1cQFgFnWb
2026-03-31 13:33	Ycc9dcBCKoVxC2xoQQScrhVFnwh
2026-03-31 10:26	MRPMdogsLozh1RxCrykcr8q0nad
2026-03-31 08:22	ZQSFdCexeopbqmxboMLcGjlKntd
2026-03-31 03:47	YMSndw7kAo7b3wx79eec4jEMnWb
2026-03-27 13:51	JoAYdzYewoHbswxiIFxcsPwxnId
2026-03-27 07:18	W3stdOoJBokVSWxiRm1cYRn6nsb